,score,driver_id,date
0,[96.0],2f834441377ae067438c136c9d1f1781,2021-01-27 00:00:00
1,[95.0],f7c2b293ef94420f5e51abae6889b83b,2021-01-22 00:00:00
2,[96.5],01d029c42c99581080a60679fca06ff9,2021-01-24 00:00:00
3,[95.5],3c88deb7df7a73a24ebc229db9783405,2021-01-26 00:00:00
4,[97.5],f35a8ff85f2095755f16bba91035fbdc,2021-01-27 00:00:00
5,[92.0],0a227ac8d702170c03acf36d55e60d0d,2021-01-29 00:00:00
6,[92.5],de13297846765b4756373b3c4ad2b1b1,2021-01-29 00:00:00
7,[99.0],85d1f990f7e7c994d9ad780a8e9de496,2021-01-30 00:00:00
8,[92.5],f31a34f3874fea8407bfea66b73d1749,2021-01-24 00:00:00
9,[91.0],ccb639fec4458297e4d5e4ac9d97a417,2021-01-23 00:00:00
10,[94.5],3758794edf08cab719834f2c9f683a27,2021-01-31 00:00:00
11,[91.5],fdac9f73cb231e3f8230f37f5f60887b,2021-01-22 00:00:00
12,"[92.5, 95.0]",c15929be072c86589e796278f9f05cd9,2021-01-22 00:00:00
13,[96.5],36e51c7659943c11ca8e69b1c1762649,2021-01-25 00:00:00
14,"[95.5, 95.5, 88.5, 96.5]",c3ecd1953300753edc7f9e402d3180db,2021-01-25 00:00:00
15,"[95.0, 95.5]",cedfdd8e0825938deab37edba8870799,2021-01-26 00:00:00
16,[91.5],5c07e78efe92d09f1a8bc045f4882a36,2021-01-26 00:00:00
17,"[95.5, 96.5, 94.0, 100.0]",08cf883203ca672a3b1e45288fbdf1b1,2021-01-26 00:00:00
18,[99.5],eb0f873a7dbbad643e4d8dba721716fc,2021-01-27 00:00:00
19,[92.0],ab209ae5d6eee9e61d4b003936579468,2021-01-27 00:00:00
20,"[92.0, 81.0, 97.0]",1651658ea9d0c790b81eba46e5767544,2021-01-27 00:00:00
21,[89.0],4f2d303e40582f85cd0b0f827a7edfe6,2021-01-28 00:00:00
22,[90.5],d257ef57067541b057c66c53a9ab2497,2021-01-28 00:00:00
23,"[96.5, 93.5, 98.0]",8fd60f8cbf5fbd36af5419ff4124f0a0,2021-01-28 00:00:00
24,[95.0],6f20b7cf84b1838b9e357b6a4a036b68,2021-01-29 00:00:00
25,[91.0],39675d7ee1b1bf00651a1f25307a1556,2021-01-29 00:00:00
26,[96.5],c783c7fd539851a57e50209607a8aff9,2021-02-01 00:00:00
27,"[97.5, 98.0]",31514aa4c1d9d6e2cdd48f91ff8c72ac,2021-01-24 00:00:00
28,[97.5],c2abbeb2c8e1bd3d9b85255393ad03ca,2021-01-30 00:00:00
29,[96.5],f3857627c79eb2a8fdf3a802f4ebe4ee,2021-01-31 00:00:00
30,[94.0],f823b0d264aa342f98ab6275a6c9cb73,2021-01-31 00:00:00
31,[93.5],3d8e980d43de5f5167d8f75656ab4674,2021-02-01 00:00:00
32,[97.5],b9c2063ac44cfc5edf0c67dfc20f0021,2021-01-26 00:00:00
33,[98.5],b6bdf5589072e5815bacd8af50ac0a95,2021-01-26 00:00:00
34,[96.0],79205feef1923fc5f6d4fa69b908e906,2021-01-25 00:00:00
35,[99.0],0bb45584b071ef03eb3871728966af21,2021-01-28 00:00:00
36,[81.5],3707d125fc0e9b09c1726a47bc3e9309,2021-01-24 00:00:00
37,[82.5],50ee63f1f9a4c3e44338e0dd7ffcd317,2021-01-27 00:00:00
38,[98.0],f83307855b8673ff088fc27820efffe6,2021-01-28 00:00:00
39,"[97.0, 96.0]",f3c8a00832e0e5278c2fc3bbdd88e312,2021-01-28 00:00:00
40,[96.5],9e94d15f24cd4dc0e92941e63c4a06d7,2021-01-28 00:00:00
41,[95.5],c384ad5d9629c11535ed1ab9d5fcb633,2021-01-28 00:00:00
42,"[92.0, 98.0, 100.0]",90f7fa7fdb7f9b4d9a8f7c4ce60a9786,2021-01-29 00:00:00
43,[98.0],c458a043d9e12386fa3c6ee332258ed9,2021-01-30 00:00:00
44,[68.0],80b0ffe2b65944a7b1e09fe1e0829c32,2021-02-01 00:00:00
45,[90.0],9bfced661246dff282f1524b96f6bc80,2021-02-01 00:00:00
46,[99.5],8f8ff1d5889b13d93d73576d595b4eb0,2021-01-22 00:00:00
47,[97.0],905f716557bd524528722b0c9ce29ffe,2021-01-22 00:00:00
48,[94.0],cd772e4b365b65390e6ddbc5266fe422,2021-01-25 00:00:00
49,[94.0],ceef756c939ce9d1ca1cbf138b130657,2021-01-25 00:00:00
50,[97.5],3717e9437129de28f4bb7ae08cea67c2,2021-01-27 00:00:00
51,[95.5],9a925e20ccbc7aabed445f547b4a71e2,2021-01-28 00:00:00
52,"[96.0, 99.5, 98.5, 99.0]",38264885b02682ba1d7e7c3560aa8511,2021-01-29 00:00:00
53,[95.0],e230e7b1fcbe43430a49b5abad96f093,2021-01-30 00:00:00
54,[86.5],cf59f03212232927732cee3f5256368e,2021-01-31 00:00:00
55,"[97.5, 95.5, 98.0, 99.0]",28c0bf45d5401faccd5b3b9ce316d35c,2021-02-01 00:00:00
56,[91.0],ecb4a4a6ff35763ca5d93cd3f3cd93b1,2021-01-25 00:00:00
57,[96.0],b05f60d617c62e65f541aa55f6794709,2021-01-26 00:00:00
58,[89.5],d4a7108222030a2ada0f47494600177c,2021-01-26 00:00:00
59,[95.5],61283ee0d504edec01e0390f2b37297d,2021-01-27 00:00:00
60,[98.0],11ac0ae7b69cca4842fe289c9d0f0701,2021-01-27 00:00:00
61,[96.0],d54fc811e80389be52d361158614b3db,2021-01-29 00:00:00
62,[97.5],0758ff8d2d8650506a696653718ade4b,2021-01-29 00:00:00
63,[96.5],ed497b15f77502599635099b5075f538,2021-01-25 00:00:00
64,[96.0],87d8aae49ffe68845ada13bc08a4012f,2021-01-26 00:00:00
65,[94.5],b28d9689d28cc6852069d4a260db16cf,2021-01-28 00:00:00
66,"[96.0, 69.0]",c2be4c22fa19f12f447c86dea8240e28,2021-01-22 00:00:00
67,"[94.0, 96.0, 95.5, 97.5]",c2135c18488a3b5d4f252be7773d1870,2021-01-22 00:00:00
68,[88.5],39288177b827edae232c2ed08dbc1095,2021-01-25 00:00:00
69,[92.5],42664ebf4d59029aa75ec3b5390c2960,2021-01-22 00:00:00
70,[96.0],078fa962fec5ac093d98bda62e617344,2021-01-22 00:00:00
71,[94.5],cfd211e71fb9d87e692eb2cd7302c3e2,2021-01-22 00:00:00
72,"[90.5, 96.0]",53a577c85f6f7bc7f5a1c9933f4f105f,2021-01-22 00:00:00
73,"[95.5, 91.0]",f92bf76b49b1738dbe71b61e8b1b402a,2021-01-25 00:00:00
74,[97.0],949f6b43f469b9f775f9336abd803239,2021-01-25 00:00:00
75,[94.5],56c47233cfbd41950ee5d8c2feb34325,2021-01-26 00:00:00
76,[99.0],bc992f1ef9546d6bfbeab648219f6fdd,2021-01-27 00:00:00
77,"[97.5, 91.5]",f52b6a1bec0b0fb3e233afe620a7a3d1,2021-01-27 00:00:00
78,"[92.5, 95.5]",dfb2ab1b981572a68178e59d22156d5c,2021-01-27 00:00:00
79,[93.5],85e57b6553c772e31308c1f9baeeb85a,2021-01-27 00:00:00
80,[97.0],c36ff5e1d293cc668f0ffee5c20c8d92,2021-01-28 00:00:00
81,[96.0],17ec034a5440cc807d8d75bc1b0e3d55,2021-01-28 00:00:00
82,[100.0],da86ae7781b5f5b12cac8661f4f5794a,2021-01-29 00:00:00
83,[92.5],a3e5dfbc783a52334b24dbffe23051b3,2021-01-29 00:00:00
84,[97.5],e410b9961a95c7a3a254892c5398e7a2,2021-01-29 00:00:00
85,[95.0],84bff41189a0e18eb6e3a795db202284,2021-01-31 00:00:00
86,[99.0],83de19b01e25f3b25f12eae34a324133,2021-01-31 00:00:00
87,[97.5],300308473b705859e66700a87e2c1856,2021-01-31 00:00:00
88,[96.5],63d85992785b6a278d3b7e9599b980df,2021-01-24 00:00:00
89,[93.5],1903ba931bb85f587e6cf6cec7453254,2021-01-24 00:00:00
90,"[69.0, 98.0]",32abe4ccb4a5fca147ec115ae7b1917e,2021-01-27 00:00:00
91,[95.0],d8a5d218d79f4e4cf598eea986b261eb,2021-01-29 00:00:00
92,[98.0],f9df16c2c46be571ae11c7148763d398,2021-01-30 00:00:00
93,"[93.5, 96.0]",11f2440dabbb0bc4978b7e94ed50a824,2021-01-30 00:00:00
94,[92.0],b908d204faab2295c219f328fc767268,2021-01-31 00:00:00
95,[97.5],6d244975ffca5ba4eff2ecc15fc042be,2021-01-31 00:00:00
96,[99.5],bc5b891756767190eca2d4d8b60a672f,2021-01-27 00:00:00
97,[92.5],9caf82b1b5b805f6f8c4c51e03fdfcf6,2021-01-23 00:00:00
98,[96.5],2ede72a1f9fa74c41c2ec30d31aa1317,2021-01-24 00:00:00
99,[96.5],edb697f3536b21ca26853bb1c928e4bd,2021-01-25 00:00:00
100,[92.5],7c18881648fc1683ea124a46dc7d2423,2021-01-26 00:00:00
101,"[96.5, 89.5]",1fab9ea1d75f4670d47be567bafe620b,2021-01-27 00:00:00
102,[93.0],25c991a5b823f37dcc78e4e50e074b82,2021-02-01 00:00:00
103,[98.5],b837642543e7167356d3c8f153d175e0,2021-01-22 00:00:00
104,"[89.5, 99.0]",9a815c667049ccc18d9475adafbecbf5,2021-01-22 00:00:00
105,[88.0],780276cc936371b7114cf7cfb5298b64,2021-01-25 00:00:00
106,"[88.5, 94.5]",0e75182241ad64c18dd02186b6c4a90e,2021-01-26 00:00:00
107,[92.0],7e0f3c27c44dced00e68521921eadd43,2021-01-27 00:00:00
108,[92.5],6981db20c69ae2f2c3972d23c8ee40e7,2021-01-27 00:00:00
109,[96.5],6dbe10944940c97441ca53b03f33697a,2021-01-28 00:00:00
110,[88.0],052318a7d83e9d8b89342d5706b1881b,2021-01-28 00:00:00
111,[96.0],695aed9cfc8a100e8f2e4a2d2a219b5c,2021-01-30 00:00:00
112,[74.5],456ef37f4e5c1ca0852cb7e8cead09a8,2021-01-30 00:00:00
113,[59.0],93830afe1fcad5ad8ed35134aba3c5e0,2021-01-23 00:00:00
114,[95.5],48c8f6a979314dfdc01155fa9a0e784e,2021-01-22 00:00:00
115,"[93.5, 100.0]",640ed484eacd24ab5271dfc15c3ebb58,2021-01-27 00:00:00
116,[65.5],6603dd642afff4de06b833cb98f9f09a,2021-01-27 00:00:00
117,[98.0],63e1e37e75f1f7b0f6f42766c295d76c,2021-01-27 00:00:00
118,[94.5],c15c4d919112f2125b2d4e1d3a8f32b0,2021-01-31 00:00:00
119,"[91.5, 93.5, 97.5]",742d0cde0263fde398ce020e9cc9844e,2021-02-01 00:00:00
120,[99.5],bd09e04870b88956d5ae0bf0bdac21ae,2021-01-22 00:00:00
121,[95.5],74d8671dce1cffa379cd116a27ed7f5e,2021-01-22 00:00:00
122,[99.0],c164d20bbafe14a7b5b5ce9cbb114228,2021-01-27 00:00:00
123,[99.0],13c56070b7e6810fe0ae0083d317c8b1,2021-01-27 00:00:00
124,[98.5],521b60a13e03892f67e84669152ce3b0,2021-01-28 00:00:00
125,[97.0],efba6a1bcd4a63875df6da1e3db2d4af,2021-01-28 00:00:00
126,[98.0],8a431c205df9fb8155bd339f350386ea,2021-02-01 00:00:00
127,[98.0],73adce2feb7e08edb554395b078f7f59,2021-01-23 00:00:00
128,[98.0],3d6fa19a641efde45674d6aed582b67f,2021-01-22 00:00:00
129,[99.0],209d4b7164fbe47af6be88f27cdaad1e,2021-01-22 00:00:00
130,[95.5],544d9e7a642274295bdc6796fc44c9b8,2021-01-22 00:00:00
131,[54.5],af0d69024bdd9b7105b844ec856565e8,2021-01-23 00:00:00
132,[90.0],648da17d8088c3c9b939771b7b0ca25d,2021-01-23 00:00:00
133,[97.5],b459a1ff24cd04789e2b5db3e00123f0,2021-01-25 00:00:00
134,[98.5],146bf1cca0750c84c14c7d9b9a13de9d,2021-01-27 00:00:00
135,[98.5],b449a61ec2e980f2b6be2cf75ec7df57,2021-01-27 00:00:00
136,[96.5],7679b1d3215c288004f77179579d9282,2021-01-27 00:00:00
137,"[94.5, 95.5]",1b3e97e56a994b9e296a29d95075bc5f,2021-01-27 00:00:00
138,[95.5],77ea4b8167bfdbdd69a2557cdc4fad3b,2021-01-27 00:00:00
139,[90.0],bd8b3872cfd1e6eadb6d904e1a5dd0a3,2021-01-28 00:00:00
140,[91.0],d8b98c274d415c5c8b1ae60d1914ca0c,2021-01-30 00:00:00
141,[87.0],858f9352ee02e7f6b6a7e4b7aab76fbf,2021-01-23 00:00:00
142,[57.0],b16a4984199db37e9a6d363f192dd4c2,2021-01-22 00:00:00
143,[96.5],88a32e489ca10e015493235c363ee3e6,2021-01-23 00:00:00
144,[98.0],7f84720e3b3344f76f1c1cc2b0ac5d60,2021-01-25 00:00:00
145,[94.5],e2c3943149a6a5a97cab51d188daa7bd,2021-01-26 00:00:00
146,[94.5],58f3568666378292227f7fb6a5ded820,2021-01-27 00:00:00
147,"[98.0, 96.0]",c63e0a732f89caf6b36e9012ae6e45fb,2021-01-26 00:00:00
148,[98.0],d85cf885a3621a21dac49f258f3b087f,2021-01-27 00:00:00
149,[95.5],a6ac8978bfd1d84989811f590aafe406,2021-01-27 00:00:00
150,[78.5],fd444dd2e93223d8c96b3f767d3049fe,2021-01-27 00:00:00
151,[99.5],992219a11318f0c0a2790c1852f99d70,2021-01-28 00:00:00
152,[99.0],e7f78f5b6ad701d4f48a12ab79e0c2db,2021-01-28 00:00:00
153,[98.0],c3a98e8ff6ef5953f75b1417ff3ff0d9,2021-01-28 00:00:00
154,[98.0],7bbcea008d5c1d8e19bb45cd0b63579e,2021-01-30 00:00:00
155,[98.0],59fe46b134cf6017e2267c68fa24280e,2021-01-30 00:00:00
156,[99.0],c7774655902880b340bf2e8f91b390de,2021-01-31 00:00:00
157,[96.0],baf13485745cd806431be0976b3680b7,2021-01-31 00:00:00
158,[99.0],8b33d318c01a8e9dca3e45bea7b6a534,2021-01-31 00:00:00
159,[99.5],3bf270e4ebe5df63168673d16e6a70cf,2021-01-31 00:00:00
160,[97.5],381403dff62279c3a26a8e251fd95f96,2021-01-31 00:00:00
161,[94.5],f4cd5a966ca2c9af25359dc5520eefd3,2021-01-23 00:00:00
162,[97.5],bbe30d4b0509203ce170debd56b8a86f,2021-01-23 00:00:00
163,[99.0],2aed9b824e2295948bef611beeefbecb,2021-01-27 00:00:00
164,[99.0],5c8086c7cb5a1b7320118cab886d970b,2021-01-28 00:00:00
165,[93.0],5d6239f7fbfecca2f70fc32c1fac0870,2021-01-30 00:00:00
166,[98.5],bcba75d764969b5af952162f87b0b0b9,2021-01-22 00:00:00
167,[99.5],08866d15d81ca5d632d5652a6f2d061c,2021-01-22 00:00:00
168,[97.0],1aed2c47e776c59281a99e4eebd01c1d,2021-01-23 00:00:00
169,[100.0],9b6b5ba69c679610399581910a3cd1eb,2021-01-23 00:00:00
170,"[57.5, 98.5]",9771e9cb1783261eb6ce5e4fb03ec353,2021-01-23 00:00:00
171,[96.5],99950704b821b5356180bb5b1908d6de,2021-01-23 00:00:00
172,[52.5],e258791aafb4aa0fa5b9c429e16d1b24,2021-01-23 00:00:00
173,[92.0],799498e8a24dd3946634bfabfd0d687d,2021-01-26 00:00:00
174,"[93.5, 99.5, 97.5]",08d5106d26e506b02e7f41adecf25867,2021-01-26 00:00:00
175,[94.5],075322ae6ef4ea6cb1e21ceb9b2d7013,2021-01-26 00:00:00
176,[100.0],3c33b30647c6346df929a29e36234d63,2021-01-27 00:00:00
177,[98.5],2e7c3e89cd8c0ca01f36024992140f93,2021-01-27 00:00:00
178,"[100.0, 59.5]",cfe882f7509d4d97e4a12539d4e7b83c,2021-01-28 00:00:00
179,[98.0],774b889006857f468bcc7d7fca37b8c1,2021-01-29 00:00:00
180,"[100.0, 93.0]",1d198b0c3fe308b9f7023dd50a80532a,2021-01-29 00:00:00
181,"[92.0, 93.0]",036d4adb1f909d3f914521cee79b5fc0,2021-01-30 00:00:00
182,[99.0],ecdf656a4e1d4020d0d91b7519cd5113,2021-01-31 00:00:00
183,[98.0],20c34b00a8d9a2a96b7e85f6f39fb88a,2021-01-31 00:00:00
184,[97.5],26f7099e55659d7c5c4ae0b1ccce890d,2021-01-22 00:00:00
185,[67.5],fd15722ebb098edbc18b2517855bfbde,2021-01-22 00:00:00
186,"[96.5, 97.5]",d5b26fd1bc5ecbfba8fa03168bde3506,2021-01-22 00:00:00
187,[94.0],992032d897cdb4190359b2e7ddeed321,2021-01-22 00:00:00
188,[93.0],56e2891c578945def3b1b868f97fb22a,2021-01-22 00:00:00
189,[98.5],0713ebfd652feb8c8230a9806ebdb971,2021-01-25 00:00:00
190,[97.5],51eab2630db8442053bc7bc72b989037,2021-01-26 00:00:00
191,[98.5],5b9659fe9deeb68887a0ff44f40886da,2021-01-26 00:00:00
192,[96.0],dedb2b73e6c2769d93328e8bc2ad95b3,2021-01-30 00:00:00
193,[86.0],40f370224c79e955bdfe0ec652547b86,2021-02-01 00:00:00
194,[96.0],2f834441377ae067438c136c9d1f1781,2021-01-27 00:00:00
195,"[97.0, 87.5]",00c07256f5964253e5009df993d4e768,2021-01-27 00:00:00
196,[97.0],b20482aff7ae806f51728463b17e305c,2021-01-28 00:00:00
197,[94.0],b6e8f02fbe8ea37275288329d4cf29a5,2021-01-28 00:00:00
198,[94.0],3dbb11506167a13305de9e447907a0fc,2021-01-22 00:00:00
199,"[97.0, 92.5, 99.5, 85.0]",d13c8dde766bdf8ff1ec6e58557d2b95,2021-01-22 00:00:00
200,[88.5],960697449312278bb5e412dbc0ff4675,2021-01-25 00:00:00
201,[99.0],ee483c75870467ef3dad1ca8d1a30155,2021-01-25 00:00:00
202,[90.5],ddbf2025642d890f5d8d94f103a73e46,2021-01-26 00:00:00
203,[92.0],7aa46740643401b338468b66f2621c16,2021-01-26 00:00:00
204,"[91.0, 99.0]",fac22ec3dd855f89f7f752c86e15e367,2021-01-28 00:00:00
205,[94.5],6ed31ab5b3b84e69f8244e18f86dba89,2021-01-30 00:00:00
206,[96.5],e24828e67917d34f2fdb674f1bb245e6,2021-01-30 00:00:00
207,[96.0],3ed79713113255e41a37e2eaaf887eaa,2021-01-31 00:00:00
208,[96.5],7d63577fc9287cd53148020d16b91137,2021-01-31 00:00:00
209,[92.0],650962af371e99506723d58161c459bb,2021-02-01 00:00:00
210,[96.0],bebfd1c7dbc1436e7aebe6ea83384d04,2021-01-25 00:00:00
211,[93.5],d6eab95182de59aee7e5eb1fbfea831f,2021-01-28 00:00:00
212,[98.0],c26f876fd6c390e480dc01186e286b8b,2021-01-28 00:00:00
213,[99.5],d03ef35c614fb4471cd6c6200c4e73cb,2021-01-30 00:00:00
214,[95.0],53d4d6ae4dfa6c1b0bda78503a56d894,2021-01-22 00:00:00
215,[99.5],b59a0814a0462bf382596c553583f3ba,2021-01-26 00:00:00
216,[96.0],45e124cbc4f57116d802655f36265056,2021-01-27 00:00:00
217,[99.0],51150aa3d1d84a3ad5630969ad5c9b42,2021-01-27 00:00:00
218,"[98.0, 98.5, 91.0]",44c835df630a6d9b117f6e6f8379b605,2021-01-28 00:00:00
219,[92.5],3d68c68cca9a0f36c51133586f35678d,2021-01-28 00:00:00
220,[98.0],3e74c94de4c209a52e1ed71295db8bfa,2021-01-29 00:00:00
221,[100.0],7588c8ac5169e03d6385221ea795eb38,2021-01-29 00:00:00
222,[97.0],8685d57e118b6bd385e5292f33c78b82,2021-02-01 00:00:00
223,[93.0],0f23caf7bfe39d2abcd6ac2051c80b13,2021-01-22 00:00:00
224,[98.5],7d7b49cfa0eb3534986a752cd5717cc9,2021-01-22 00:00:00
225,[90.0],50f2972d0502b53cb4156e2bd39a96dc,2021-01-23 00:00:00
226,[97.0],a8e3be263369f4269928fddf1fac2d65,2021-01-24 00:00:00
227,"[99.5, 94.0]",03799a4d0b51dbf02d54478dd52bd282,2021-01-25 00:00:00
228,[91.5],22d232fe1808b6e1483caa538753f64e,2021-01-26 00:00:00
229,[93.0],e2d8322f68f8df3580c68456e7213c5f,2021-01-27 00:00:00
230,[97.0],024c7ec994842395244b673b41d7e457,2021-01-27 00:00:00
231,"[96.5, 93.0, 96.0]",7f20150464f5d9c018356f7adc1a4bb6,2021-01-28 00:00:00
232,"[96.5, 91.5, 55.0]",3a81c8bc8cec47a640546b009cf549e5,2021-01-28 00:00:00
233,[96.5],c2154df7506809f4e47b2e75561cfad5,2021-01-29 00:00:00
234,[97.5],cf0cc51338b49a2d5f5384c9a31c8bf1,2021-01-29 00:00:00
235,[99.0],8942f2c75319d3bd5673f12fafef5e2d,2021-01-29 00:00:00
236,[99.5],f362fd50a3c849c2a99e361ce8a353da,2021-01-30 00:00:00
237,[96.0],8ec1cd8f192a518f61a416dfcf282e98,2021-02-01 00:00:00
238,[100.0],c6b8487c37859b89b53bdca630fbc896,2021-01-22 00:00:00
239,[96.5],eb22032843bb549efc03800022ff3061,2021-01-22 00:00:00
240,[98.5],5173aa36ce611142e5b92b1c865ea30c,2021-01-24 00:00:00
241,"[57.0, 97.0]",505977f6006b969cba8b7fd75d999b06,2021-01-25 00:00:00
242,[97.5],2c05104db4209fde7b093630002712b2,2021-01-25 00:00:00
243,[97.0],5dbb8d82fbf1f5c9baf973d7f3a21de5,2021-01-26 00:00:00
244,[98.0],05a33a812b93677ceea3e8dbd526c172,2021-01-26 00:00:00
245,[54.0],13910171a15d0f985f7315ae849606a3,2021-01-27 00:00:00
246,[97.5],211386577209a4fbfece6d4b53f83194,2021-01-27 00:00:00
247,[98.0],2b433ada6b1585c2fa3a509d16400842,2021-01-29 00:00:00
248,[89.5],c3de616b7b65ded45793e7ad4ee7add8,2021-01-29 00:00:00
249,[97.0],195ab65ff92f145b1169a227ce8f292b,2021-01-30 00:00:00
250,[78.5],0fbc7422ddcee106b3cdba7e894dbb15,2021-01-22 00:00:00
251,[97.0],521b2e0e965ccfc536034ad85e3f211d,2021-01-22 00:00:00
252,[96.0],60c10e9686050280d2b5201024fb6a61,2021-01-23 00:00:00
253,[95.5],69a1ee7321186280035e774e41605609,2021-01-24 00:00:00
254,[94.0],1e9ca291db7604b83a25d2b44ad259bc,2021-01-24 00:00:00
255,[85.5],8ca3d751025bfab64196b4dafa1ddd8d,2021-01-25 00:00:00
256,[99.5],d488946ac6cd17b632ca27692533bc15,2021-01-26 00:00:00
257,[97.5],c479ec98b8e8b007800a19a2c2063fa2,2021-01-26 00:00:00
258,[99.0],8a34422d656633b08a7311b3665955bc,2021-01-27 00:00:00
259,[98.5],4c8509703a3522ca95726a569601191f,2021-01-27 00:00:00
260,"[97.5, 98.0]",0ff3b5dd094e2ad6c72381763868d2cd,2021-01-27 00:00:00
261,[99.5],9178d702d2edef8d468fe212b9f4f16f,2021-01-28 00:00:00
262,[97.0],1fe0330d4e5d74ef918985b8829cbc3f,2021-01-28 00:00:00
263,[85.5],963b39e88689f56adea36eaddfdf39aa,2021-01-30 00:00:00
264,[97.5],585cf8442959f1d9d946b5fabac2ae08,2021-01-31 00:00:00
265,[97.0],d9451c500ad0552dd1706386ed2d7055,2021-01-23 00:00:00
266,[97.0],00af1903110e6fef3a7f37e55feb3b61,2021-01-23 00:00:00
267,[80.0],5efeab2e7d923433c89c9d68d2a6a329,2021-01-24 00:00:00
268,[96.0],fbd6179d943f15a19d12fa83e8368698,2021-01-27 00:00:00
269,[93.5],deb1711967557feff1e24c200314a744,2021-01-27 00:00:00
270,[93.5],4b3569491d041578a3f3cfcbe29a973e,2021-01-27 00:00:00
271,[93.0],fea18502c4c64cbcce39568c34be26a9,2021-01-22 00:00:00
272,[91.5],4f5f08d0e8f4f6f7c5fc7a651e67c6cc,2021-01-22 00:00:00
273,[98.5],9eefc691e7da4ffb0e8e60253fa978b6,2021-01-25 00:00:00
274,[60.5],e6bfcc6cbf85f9c2b9b78729bc5c5bc6,2021-01-25 00:00:00
275,"[93.0, 98.0]",c6833037fc0fe483b6a24bd6f4b3ae3f,2021-01-26 00:00:00
276,[92.5],09583dde41071fc5eb1e77a05d41cfb0,2021-01-28 00:00:00
277,[93.5],9d5b61918a438ca70a1bdcedf96f80c6,2021-01-28 00:00:00
278,[96.5],3966b665c244020b43fa9144ad0efe3a,2021-01-29 00:00:00
279,[99.0],42bf8685b81813ebc90014a2dc6638ae,2021-01-29 00:00:00
280,[95.5],3fb406ec18afc573f5b511d2cc4e6fa1,2021-01-29 00:00:00
281,[100.0],36e9c57b0088d72b85e66fad2ef38f3b,2021-01-23 00:00:00
282,[98.0],5a5d8e244a1d166ede946dd46dc40a8b,2021-01-25 00:00:00
283,"[98.0, 99.5]",2b1aefaffc6990bca051143c32c44493,2021-01-25 00:00:00
284,"[100.0, 96.0]",100eec9a5343bbff2aef70300b2529a9,2021-01-25 00:00:00
285,"[100.0, 100.0]",073e6a330c4347a2a4af285cac7bcf8f,2021-01-25 00:00:00
286,[95.5],47094017cb2c7c6a214008bdc6e799f9,2021-01-26 00:00:00
287,[100.0],45be2b940e150853405418f456d4b62a,2021-01-27 00:00:00
288,[92.5],ebbf5241a1c26034816dcf95363f8401,2021-01-27 00:00:00
289,[97.0],31ac3e11c7a542d7e326bdf52128f823,2021-01-27 00:00:00
290,[90.5],b83923317d42a01400007c4c23a11e43,2021-01-30 00:00:00
291,"[87.5, 88.5]",bc5b1f74f3231f4cef6fb7e451ef99f9,2021-01-31 00:00:00
292,"[93.5, 94.5]",6435425eba49bdf493e9793366805aa1,2021-01-26 00:00:00
293,[97.0],9d78ce9f1dcc85478c5a175223b95e84,2021-01-22 00:00:00
294,"[98.5, 95.5]",480199036a7cf8753fbbbe0e4817c3ae,2021-01-25 00:00:00
295,"[97.5, 89.0]",2bf12cfceb20295db58220f450654e71,2021-01-27 00:00:00
296,[94.0],9765fab37849466fe0ff968334ff9255,2021-01-28 00:00:00
297,[94.0],9d9abb2abe15d8f6c445dc3b606adb31,2021-01-28 00:00:00
298,"[90.5, 100.0]",f6ce859d4f8b3300ea20da3d5e6004cc,2021-01-29 00:00:00
299,[98.0],5a3c35ad1ce9a3e5773c809ea1d95c0b,2021-01-30 00:00:00
300,[95.5],22a16c1c36c4046522fbb605f83cccca,2021-01-31 00:00:00
301,[94.0],26ed711f3af00640e205ce76dd32dba5,2021-02-01 00:00:00
302,[92.5],1056bd35f53d20885f4f7220fe590cf6,2021-01-22 00:00:00
303,[98.5],1ccab5c4a77b3fd957d8db613cb10508,2021-01-23 00:00:00
304,[92.5],a9845ae6eb97c174a4e2216aaf18a982,2021-01-23 00:00:00
305,[98.0],bc062ac41cc0fc65b793d9d3a3ee81e0,2021-01-23 00:00:00
306,[90.0],1ba08e60fbea6dcdda285954b4cfad87,2021-01-25 00:00:00
307,[93.5],5d3584a3e7b5570b198149b446784caa,2021-01-25 00:00:00
308,"[89.0, 99.0]",1754bd1d5dcb539aee3aed2317d99e31,2021-01-26 00:00:00
309,[89.5],262bc023295faa8abfd6397b6b426e16,2021-01-27 00:00:00
310,[93.0],96f345d5e128b8e2db31a83771ef1b8a,2021-01-27 00:00:00
311,[98.0],be99652aa47af5a29b5cea821f4ee6af,2021-01-28 00:00:00
312,[97.5],88d21e8cc85b2d47a6455eaf5b1c8d46,2021-01-29 00:00:00
313,[95.5],0093369cf2acff5c92342fd2e009a822,2021-01-29 00:00:00
314,[92.5],99589e8ecbaaf05b33e23b981af2561d,2021-01-30 00:00:00
315,[97.5],765319a0d28a7063378898ec380db229,2021-01-30 00:00:00
316,"[97.0, 99.5]",565a02c6415a2e2eacbb302932513fd9,2021-01-31 00:00:00
317,[92.5],f029d43c4c02c44ad4329a52865afadd,2021-01-31 00:00:00
318,[95.0],d1d6cca86f80f067e2d25a1e67332d46,2021-01-23 00:00:00
319,"[91.5, 96.5]",79f4f8862f3548b3051b0b49916252f0,2021-01-25 00:00:00
320,[97.0],f70c4b2f59d6664a0e18c954e00c7ff6,2021-01-26 00:00:00
321,[92.0],b49a8cfad2e2c0ad607df4ed668bf4ef,2021-01-27 00:00:00
322,[99.5],6e8bd2e195c5857020dcc0d0b95d985d,2021-01-26 00:00:00
323,[95.0],89ca44caf142add5f28e8d23d0bb72a8,2021-01-26 00:00:00
324,[100.0],aae4f7a27dd66e709c32d7b5245019ea,2021-01-28 00:00:00
325,[96.0],a86a4a3c447c5f6e2cba0ad6fffbd5f8,2021-01-28 00:00:00
326,[97.0],ea05ee34f990390153aace2abfb8d5a6,2021-01-29 00:00:00
327,[95.5],e44392350041cc6e05ca45c6557b0e7b,2021-01-29 00:00:00
328,[95.5],f4f93975d6ead166ce01cf018b41aee5,2021-01-29 00:00:00
329,[94.5],f12543cad4a8525af1adb0501a46725b,2021-01-31 00:00:00
330,[98.5],41c422643c554e30e488e08aea574214,2021-02-01 00:00:00
331,[95.0],b1298fae7f78254a4b319d358c3e858b,2021-01-24 00:00:00
332,[98.0],03229b1400a1329ee3924b05e1dac8f9,2021-01-24 00:00:00
333,[93.5],480a5c1ade5ce038adf0a24db7f0377a,2021-01-24 00:00:00
334,[96.5],fe1a3e90ea03c12edb441a7c6314e5ec,2021-01-27 00:00:00
335,[96.0],4e43973108277f8a9bb7c362220fd8a4,2021-02-01 00:00:00
336,"[93.5, 97.0]",8a09292c4e30b9e4e35c5004d1ef34ee,2021-01-22 00:00:00
337,[89.0],1e47078e3cd2dfb56a0b7f5ef52ccc41,2021-01-22 00:00:00
338,"[99.0, 53.0]",1c7293ea9e7979ad8e484c66ce0fd46d,2021-01-25 00:00:00
339,[95.0],cc2bc7a68a9ce8524ec7ad9d532aeca9,2021-01-26 00:00:00
340,"[95.0, 95.0]",998b9dfd54195aa2468b4021450b1d06,2021-01-27 00:00:00
341,[96.0],d078209469dca3f5ec840a726eda791f,2021-01-28 00:00:00
342,[92.0],0f2aa32c96af0fb31d1ba93a2ee9cde8,2021-01-28 00:00:00
343,[95.0],92bd1bc3df30593662423fe22849b468,2021-01-29 00:00:00
344,[96.0],b063a3bc75fc418c7c745a04a961a502,2021-02-01 00:00:00
345,[56.5],4c77ecbb03c557322eae5d0eec81a66b,2021-01-22 00:00:00
346,[98.5],42e4f4bf7448a2af3348d406592e51c0,2021-01-25 00:00:00
347,[97.5],2400e8d9db893f4ec87e3fb88cf6526d,2021-01-28 00:00:00
348,[97.0],6c4bcabf90f47ff33e859e8eded822d1,2021-01-29 00:00:00
349,[88.0],129ec9de2aeb4e4955c8661f461ff53c,2021-01-24 00:00:00
350,[93.5],a5f2627793a03117ea9b51db7e796694,2021-01-25 00:00:00
351,[97.5],9825be32982015eaa331249f7be7664a,2021-01-22 00:00:00
352,"[97.0, 97.5]",692f4c52dc315423774352b0a4db6996,2021-01-23 00:00:00
353,[93.5],9481ab3b0e88552457654d2b2bef03de,2021-01-26 00:00:00
354,"[96.5, 98.0, 96.0, 95.0]",2b5482a819b9cdeb584d2eda66c0408c,2021-01-26 00:00:00
355,[92.0],3fbf4a700c0589447c67132f410e5847,2021-01-31 00:00:00
356,[99.5],52b5290b4c150babd3cba2b0a810b8c3,2021-01-22 00:00:00
357,[51.0],7752c391f11dd9d68f94a96e1964d425,2021-01-25 00:00:00
358,[98.0],a4badec9567c68957ecb992bb2a5a789,2021-01-25 00:00:00
359,[97.0],3cf8267340f064df23eafa114d56544e,2021-01-26 00:00:00
360,[62.0],3ce7182ed9c92816230d7dcb28e40cfa,2021-01-26 00:00:00
361,[98.0],e2a03cc02092145781a4566f810d6bf9,2021-01-28 00:00:00
362,[96.5],9cae7acd5ef70eee1a43b830a72a8be5,2021-01-29 00:00:00
363,[98.5],5acc8fe5b90f827e0b73081d36950ead,2021-02-01 00:00:00
364,[100.0],c9507ffdce7e6bdcabaad3ebe4575d70,2021-01-22 00:00:00
365,[99.5],f5c9480981f119199049570b8879b4dd,2021-01-26 00:00:00
366,[95.5],578871cbfd97a54fc5af9d5b9d645748,2021-01-29 00:00:00
367,[92.0],3bc5698e48972f5c452781cad579e241,2021-01-29 00:00:00
368,[98.0],b8b2676625db27e328d3f34177192035,2021-02-01 00:00:00
369,"[96.0, 96.5]",919759a2c183f1d4e7b309b84a7cd307,2021-01-22 00:00:00
370,[86.0],f1e375dc07454715510a70fa8c35c0bb,2021-01-22 00:00:00
371,[97.5],a999030770eb801526c2036b51363d3e,2021-01-23 00:00:00
372,[93.0],0091e7088f4db25a2ed092a1b849c690,2021-01-23 00:00:00
373,[97.5],43c9916621bba8cca454a0ba98df4c54,2021-01-23 00:00:00
374,[98.0],a34220416902424e4db7d9c6892528ab,2021-01-24 00:00:00
375,[95.5],752796b2a93d9ff4d6a58d02fe5f6d3c,2021-01-24 00:00:00
376,"[92.0, 93.5]",180d66b5711c161d6b10490ec7f72266,2021-01-25 00:00:00
377,"[89.0, 96.0]",0139107fd3f026969fd77aff7a32fa91,2021-01-26 00:00:00
378,[93.5],14af89043a4b8aad0ae0877af68f1cc3,2021-01-26 00:00:00
379,[94.5],1317725e359898f152d8e698fad86d90,2021-01-27 00:00:00
380,[96.5],1f17df457148bd5e2e08a03daa682a3b,2021-01-27 00:00:00
381,[57.5],ba0ff8f23cf401b9ee3e3130b970d3e7,2021-01-28 00:00:00
382,[96.5],9d49ee075ba6ef8a1b755babe7697c13,2021-01-29 00:00:00
383,[94.5],cf28dcff27a531b2bd84d4fe279e0199,2021-02-01 00:00:00
384,[96.5],4f7085719106924b57e9911068089b7b,2021-01-25 00:00:00
385,[92.5],60dc2e52e3dc4b0a3f554aab04e64344,2021-01-26 00:00:00
386,[93.5],896455a86e239da1356338a8ae8dcdd9,2021-01-26 00:00:00
387,[96.0],6a79d00f21db806ca2fa123fc5be7ba5,2021-02-01 00:00:00
388,[100.0],83b72a5ef7756875152670d6da9deb59,2021-01-23 00:00:00
389,[99.0],4fd703e4c0e0660369aeacf9b944ddb0,2021-01-23 00:00:00
390,[98.0],aa93f42b5dd922c5a1daffb2399503e3,2021-01-24 00:00:00
391,[98.5],1bcdd6722921465643c315428467e96a,2021-01-24 00:00:00
392,"[99.5, 90.5]",259ccacec8700745724b9d3a5af1846b,2021-01-25 00:00:00
393,[99.0],1d3764c36a2cb568e9cd105858bf1b65,2021-01-26 00:00:00
394,[99.5],541f2bd3641325f938fea568b493cbd6,2021-01-26 00:00:00
395,[100.0],a1f61ceb713bc82f0db6ff5bf482749b,2021-01-27 00:00:00
396,[98.5],5a78d09e045bc0cc84263cba473339d7,2021-01-28 00:00:00
397,[99.0],6232887aeed50f2f905c1f44af3e6af0,2021-01-28 00:00:00
398,[97.0],a60288304b064c30d59193ea43c12387,2021-01-29 00:00:00
399,[98.5],440d904d5cef992244cfeaa199f04719,2021-01-31 00:00:00
400,[96.0],50ec10d27875f57429ea9c2e10ee0e6f,2021-01-23 00:00:00
401,[97.5],9a578b5b09692e458d1039c392b0b2e8,2021-01-23 00:00:00
402,[99.5],3e57b8f7f0cefedd7947fe2b9ddd48bd,2021-01-24 00:00:00
403,"[91.0, 88.5]",a3221c0b78f2b01fff2252410f54f725,2021-01-27 00:00:00
404,[96.5],a54ef60db4a1c5b0ab8d12fe2a0fe4c1,2021-01-27 00:00:00
405,[97.5],d667ea69ab43bcc8ab24d9a42947fbdf,2021-01-25 00:00:00
406,[88.0],771da08f4a8868bcc3aca32d0be9cd92,2021-01-27 00:00:00
407,[96.0],6db375aa16dd749d1d44a66f42567213,2021-01-28 00:00:00
408,"[96.0, 96.0]",519c9931a77ff19fddca5540dee362c0,2021-01-28 00:00:00
409,[98.5],7dd99ab361ad4a98292d5564e5b1c774,2021-01-29 00:00:00
410,[94.0],df21613f8abbcf58107119fd9f9e9a01,2021-01-29 00:00:00
411,[96.0],0fb3ae5b70830b98e1bab23d1b6727e7,2021-01-26 00:00:00
412,[96.5],bb63e2b9eafd076f95df0504f8ed8b9b,2021-01-27 00:00:00
413,[79.0],513691e6b16ba55e584e40b6fa302739,2021-01-28 00:00:00
414,[95.5],6bf339acbdeca7515c201d46fd1815e3,2021-01-28 00:00:00
415,[98.0],083f30b910d8ecd6ea38c0fc858cb722,2021-01-28 00:00:00
416,[94.0],a59d86b83dec611936d148d581c37ab9,2021-02-01 00:00:00
417,[96.5],8ea0e3ec8223c3327ad4aded6d5e313f,2021-01-27 00:00:00
418,[91.5],86aad90ed75c9d58dcfad927f343f1d3,2021-01-27 00:00:00
419,[98.5],55e2a2192eb3197a3acc3b09d09d764b,2021-01-28 00:00:00
420,[97.5],3d162517b50a6da4881513793982cc75,2021-01-23 00:00:00
421,[94.0],6a6fe3b0752aad16334a2afa8d0a87ab,2021-01-30 00:00:00
422,"[95.0, 88.5, 82.0]",522d7b5b8b3f7f97d36858a75dc839b1,2021-01-31 00:00:00
423,[70.0],44f982589a51a58a0185d3ba39d88d66,2021-01-23 00:00:00
424,[95.0],c2e9bf9412e0941d44bfd1e1cbf5cd99,2021-01-24 00:00:00
425,[99.5],9296cd7f4b6c5f02fedef79571e027ce,2021-02-01 00:00:00
426,[98.0],cd1dcc4c0a0d16dc940a35c26e703d7f,2021-01-24 00:00:00
427,[57.5],34053660c965c4bd0f26a58aaad6cac4,2021-01-25 00:00:00
428,[93.0],1325d09560083cab0490e86b6e7a3425,2021-01-25 00:00:00
429,[75.0],142aac11486cdcb698ca8b72c4b1f82b,2021-01-27 00:00:00
430,[95.0],33c882fedb07878825919a9b7814cb33,2021-01-27 00:00:00
431,[96.5],c17eb706e2ebd055be8509f2017a3605,2021-01-27 00:00:00
432,[95.5],d54e73fec14015f565a59b100cb635bb,2021-01-30 00:00:00
433,[71.0],e34cbbb3c234a3cf6d665a8f6e14dd87,2021-01-30 00:00:00
434,[96.5],a78b65c73c7b619166f54cfc905f4909,2021-01-31 00:00:00
435,[96.0],76aeac02590e6b018e70a848dd3d1695,2021-02-01 00:00:00
436,[98.5],641338b2f8b3cdaf09817a1e8b3e72aa,2021-01-25 00:00:00
437,[89.0],c123eddb358aa787fe52e596f43b4de3,2021-01-25 00:00:00
438,[98.5],91c5b0c67507191125a43bd6f753de7a,2021-01-27 00:00:00
439,[95.0],2fa894ca5518fa2130071a30b5ebf050,2021-01-28 00:00:00
440,[92.5],a383d31d736c22e43fac086b07d54320,2021-01-28 00:00:00
441,[97.5],8dc0800f19ed2c22b8cd158e00a47d77,2021-01-29 00:00:00
442,[96.5],2550e17a3c0522f0fe6ebe2d5fa10b59,2021-01-31 00:00:00
443,[99.0],91665f82618ec8598aa8ad7d3c242506,2021-01-23 00:00:00
444,[94.0],95ce9d86536ef64ebec9bc592cb4ff9e,2021-01-23 00:00:00
445,[94.5],20129f5b611c67071d9b640274aa9193,2021-01-23 00:00:00
446,[99.0],c03d2f7e551a7a7735e3a90dd1e374a8,2021-01-24 00:00:00
447,[96.0],5443b178a32a430c70029445edffa35d,2021-01-26 00:00:00
448,[51.0],f70999204dbe2db57f1e8383912b879d,2021-01-27 00:00:00
449,[95.0],a0db769dd1533d903244b4bc0fd88eb2,2021-01-28 00:00:00
450,[96.5],2a9a08d77e95b9e7b6fd8225e7df7ed9,2021-01-30 00:00:00
451,[99.0],e94ddc416cae19c1ea3fe59664948203,2021-01-30 00:00:00
452,[100.0],d70a14d68fd0b1cb23004d24c9c52212,2021-01-31 00:00:00
453,[100.0],7d850986d319745b59333c50a50b8e77,2021-01-31 00:00:00
454,[99.0],2369a1fcdfa9df786f55f772b6ed8020,2021-01-23 00:00:00
455,[96.5],474dcbeb8b042b440f822a3c6bfad371,2021-01-30 00:00:00
456,[97.0],e76690f29126f4dfac8efe524b8b79a9,2021-01-22 00:00:00
457,[90.5],3800bdeeb200caf3cc09ea2875d5b715,2021-01-28 00:00:00
458,[97.5],c45faad6cfe3a75673b8514608428dad,2021-01-29 00:00:00
459,[96.0],52ba11f04ac3913a2439e62107a58a31,2021-01-29 00:00:00
460,[96.5],c80d013ef932af53bb6e362d9ddaeac5,2021-02-01 00:00:00
461,[97.5],c6c3378a96086ca7fa981d95478074d0,2021-01-22 00:00:00
462,"[86.5, 96.5, 98.5]",e97944621c60917b243d89bf33978c7a,2021-01-22 00:00:00
463,[100.0],b95609dc8910868c66adc2c2bdd3a80b,2021-01-23 00:00:00
464,"[96.0, 97.0, 89.0]",699687806c5b8dfcc51c4aab48ee40ae,2021-01-25 00:00:00
465,[91.0],d53586f93ad6d4b86e41c0da9b575834,2021-01-26 00:00:00
466,[89.0],b48f0660637f52a613534f052c7e5303,2021-01-27 00:00:00
467,[90.5],18a2a43e8722c03dad9e78633c2e0ce2,2021-01-29 00:00:00
468,[98.0],943b599307212080f1c8afe784128503,2021-01-30 00:00:00
469,[97.5],7aa9c3659e035dfbefca34b6ae9234bd,2021-01-30 00:00:00
470,[98.5],641da5ef4dc5c7ec4d1c691c32b3b358,2021-02-01 00:00:00
471,[88.5],a110724048d3c37af44296134c928a8e,2021-01-22 00:00:00
472,[97.0],4a1570ae4edf64fad1130bb409cbba60,2021-01-22 00:00:00
473,[91.5],00ef2a42d15bd5763884d990dbe0a0d6,2021-01-25 00:00:00
474,[97.0],15b981b81ff836fe9ee934f80929467e,2021-01-26 00:00:00
475,[92.5],11b66b887e3f028dc871a1d07c951665,2021-01-26 00:00:00
476,[83.5],37a1f13b98da750a62bef786ddd46747,2021-01-26 00:00:00
477,[96.5],fd2a1a9e65bf946ee09fb2dd91ef90f8,2021-01-27 00:00:00
478,[96.5],0cddd493e76f7a430d51d5f31972378d,2021-01-27 00:00:00
479,[99.5],c56225c0b8a856a2899efbfbee6b2aa3,2021-01-28 00:00:00
480,[97.0],d0fdd60fc4cfabdbd29690a6bf9e1809,2021-01-29 00:00:00
481,[93.5],b6504c7cdc0b27d35ac27b84723cecdc,2021-02-01 00:00:00
482,[53.5],5f01f16c5d18c9730a777199037e8f5c,2021-01-22 00:00:00
483,"[96.5, 95.0]",901f437c0169baabdfff4add88db35a4,2021-01-25 00:00:00
484,"[96.5, 95.0]",96e574d9223b592dafc78acaeb42ee44,2021-01-26 00:00:00
485,[61.0],fd0d04b40e196d931fe20c1dbb9b420d,2021-01-27 00:00:00
486,[96.5],382e60eae86aaaddd9937f9b0a8e6a00,2021-01-27 00:00:00
487,[96.5],5c2ff5aee4f13dc3921788020ef44479,2021-01-28 00:00:00
488,[93.0],11d068eefc8421e5bf347c0734c3fd05,2021-01-29 00:00:00
489,[93.5],ba4022501700ce7186c2127ad2c8f76a,2021-01-29 00:00:00
490,[91.5],15290d9de066e85a7b3e3e378a2ad9bf,2021-01-31 00:00:00
491,[91.5],0cc6c53f47c521f6d6b4be38abb3ff0f,2021-02-01 00:00:00
492,[99.0],258a829851100467d70b0f1c42e2af7a,2021-01-24 00:00:00
493,[97.0],a49f5f3e4012e3ce6e80d5a69a7737a6,2021-01-25 00:00:00
494,[93.0],e6a6bc63b32c07f79de030c5a5728962,2021-01-26 00:00:00
495,[93.0],b805759dbe865819acafe6b1bc981f55,2021-01-26 00:00:00
496,[96.0],1cef75f15ae9e4a80b2cddd5a20c0bab,2021-01-28 00:00:00
497,"[93.5, 97.5]",f87fefb7b0d633b8e733cef8c845993a,2021-01-29 00:00:00
498,[96.0],f8c5834d6d1df29913dd76058601b8fc,2021-01-29 00:00:00
499,[98.5],38fa92fde8369da258c46165dc55854f,2021-01-31 00:00:00
500,[94.5],1ca8c8b483d1b944469b2584ea90fac2,2021-02-01 00:00:00
501,[63.0],6d1290222d03781fe4adb651e4b7c75d,2021-01-22 00:00:00
502,[94.5],a91fc8aa9075cbaef90c16df55ecee2f,2021-01-22 00:00:00
503,[96.0],89cbf42619449aaf7f788a000ba82d28,2021-01-24 00:00:00
504,"[99.0, 56.0, 97.0, 97.5]",fe40b3d9540d5a812309bd97e09c4405,2021-01-25 00:00:00
505,[95.5],e3b2f93933a6ad26511022786a2c7a9d,2021-01-26 00:00:00
506,[94.0],383e0b5bc025cfb872f408cedee322af,2021-01-27 00:00:00
507,[94.5],80e848f613f9cc347979f5554dd66308,2021-01-27 00:00:00
508,[96.0],cb5be1b4f300ec609347f5e62c916e66,2021-01-28 00:00:00
509,[97.0],3e28e386db01b51ebf9a9eb3f49edcee,2021-01-28 00:00:00
510,[89.5],50c4f64d16bf203ae4b2b33d0433b6ad,2021-01-28 00:00:00
511,"[99.5, 95.5]",cc0974dcfc75166b09ffcf57c8ecc9e1,2021-01-29 00:00:00
512,[97.0],dc41f26283c42ad91a89b7669da0bad4,2021-01-24 00:00:00
513,[98.0],58e2c9f59a1e8d175e57ba436558b037,2021-01-23 00:00:00
514,[93.0],69efbc138a2370d26153e5382f886bf1,2021-01-28 00:00:00
515,[96.5],364cbddf49926cc98953bb22fc6c749a,2021-01-29 00:00:00
516,[94.5],be0d026d40fbbcdd7261f47894d49618,2021-01-29 00:00:00
517,[89.0],1e68933d0a4de582f7b2331f5389881b,2021-01-30 00:00:00
518,"[97.0, 66.5]",931308e66929cde5ea2292452e706c80,2021-01-25 00:00:00
519,[98.0],177de04fda6687a8afff45de443cd83b,2021-01-26 00:00:00
520,[58.0],3d75faf1908c358c92567d1e8f02e091,2021-01-27 00:00:00
521,[60.5],3e781ea907ce8e61441043ac58470688,2021-01-27 00:00:00
522,[100.0],cf88e94220c1fe1e09ef522e3bb194f7,2021-01-27 00:00:00
523,[93.5],3043ee6441957ee044f5acde954200fe,2021-01-28 00:00:00
524,[96.5],26caebfb0201155ec90f8682fc8a2d11,2021-01-29 00:00:00
525,[88.0],c94d0878761862993ae29944411c2c30,2021-01-29 00:00:00
526,[87.0],b73116a18c78693ad7d77c3cd5a1b978,2021-01-29 00:00:00
527,[98.0],3123e225e826d79325064648bd14fb4e,2021-01-30 00:00:00
528,[94.5],ed1782d161e8cfb0cddc9f1f99c18fd2,2021-01-30 00:00:00
529,[100.0],3644706412c2f2299911135176c8fded,2021-01-31 00:00:00
530,[55.0],58f8c947bbca68967cb238b79895df3d,2021-01-25 00:00:00
531,[94.0],c77bf0dce01b1db11a8c5132e47e6936,2021-01-26 00:00:00
532,"[97.5, 97.5]",b4c56fc7ae1d8a1437de770e418ea27f,2021-01-31 00:00:00
533,[99.0],b26efbf2ad85434be492c83899fcde0c,2021-01-31 00:00:00
534,[96.0],a593ef56f4419e1cc57754b00893fed8,2021-01-31 00:00:00
535,[95.0],786a52ea2bbb28598dd3016d63390733,2021-01-22 00:00:00
536,[99.0],c2324b71d0f0b54be8c29161e11024b8,2021-01-22 00:00:00
537,[95.0],09a2a2cf295836b16d21c0073d4096d7,2021-01-23 00:00:00
538,[54.5],043208cf498513748f526e194830268e,2021-01-26 00:00:00
539,[98.5],093408bd91f9803eff29a135762e5d2b,2021-01-28 00:00:00
540,[99.0],8139399c314210cc72ce504f17e7acfc,2021-01-31 00:00:00
541,[96.0],e93bebdd0bd013f1b14272f31d4ab27e,2021-02-01 00:00:00
542,[97.5],bf6fbad6db623b21451b0a6116fae01e,2021-01-30 00:00:00
543,[92.0],68c456b0f6948eab7ed873b9a58a1c16,2021-01-24 00:00:00
544,[97.0],5865e5d570fc57afb084454f3697f304,2021-01-25 00:00:00
545,[97.5],03ecfe158dd80051723985166b5b2b49,2021-01-27 00:00:00
546,[87.5],3612603eb720bd6aa8e5b6bcf0383e02,2021-01-27 00:00:00
547,[71.0],aba5c98dc283006fdf3c3773a5eb8614,2021-01-23 00:00:00
548,[83.0],aa8c3238f8246d2f3c4b5d7a9f9f7bbd,2021-01-23 00:00:00
549,[96.0],0979ebdbda5146868a8b1752c7f61b13,2021-01-31 00:00:00
550,[97.0],a4a63b0c470faeb2c8e447a059633a66,2021-01-25 00:00:00
551,[92.0],f0451d7347faf795e03f98bb51ba306f,2021-01-25 00:00:00
552,[95.0],55cb26f2b4e2b3a5ed98b119bacc422f,2021-01-26 00:00:00
553,[98.5],f0e4ae02ab9fee8874a65784f3448539,2021-01-27 00:00:00
554,[98.0],620b362b8bd07a7bcc7eea426cf097e6,2021-01-27 00:00:00
555,[56.5],5ca6da2497aa4ba5da48d56ae0803209,2021-01-28 00:00:00
556,[94.5],f14434d6437c20a06ee69f43a2a1672f,2021-01-28 00:00:00
557,[97.5],0acd4b19ab5616b3b161c419569977af,2021-01-29 00:00:00
558,[95.0],7d9485a2dad5919053c7a8ef775fee2b,2021-02-01 00:00:00
559,[99.5],2e6383b643878774791c899de42c96ac,2021-01-23 00:00:00
560,[77.0],4fe61ff04d527f3847bf2f19a62c536a,2021-01-29 00:00:00
561,[98.5],bf1c9e438ce8f9cbfe06fe891f7b0a44,2021-01-30 00:00:00
562,[99.0],ca2d7779f80a8b465dbcb4222d93e15d,2021-01-29 00:00:00
563,[94.5],d3d233459acef11f8150a75aadaedee8,2021-01-31 00:00:00
564,[96.0],9916ecbec176897288889b93934749a4,2021-01-31 00:00:00
565,[98.0],2c36696c2f7f01adcc70619aae8637ac,2021-01-24 00:00:00
566,[99.0],af228408f87452b59a52ecec43784272,2021-01-25 00:00:00
567,[97.0],b2b6fff61013e0b1a6ab1f82ece4042b,2021-01-22 00:00:00
568,[98.5],09a4b1042f9fdbd30414ffbe5b79fe54,2021-01-22 00:00:00
569,[88.5],be5ec444ffc39c635f0aa0351687ad9a,2021-01-25 00:00:00
570,[96.5],928ea15130ec93c9e71f104f60f809de,2021-01-26 00:00:00
571,[98.0],70abe676cc90f9cfe750dea1d6155880,2021-01-26 00:00:00
572,[94.0],5d9d708eab7bc7afb51f1d8a2664011c,2021-01-27 00:00:00
573,[91.0],9fff2ae12a884bd1ec491b6febc339eb,2021-01-27 00:00:00
574,[93.0],2648b7a7aef3bd93e2ea080047f1c02f,2021-01-29 00:00:00
575,[96.0],bee3c13996f67e4bace35e3d0d953c75,2021-02-01 00:00:00
576,[96.5],bc5e030fc8f1c9a4e5e95e5c1240702e,2021-01-22 00:00:00
577,[98.0],3582996891b017179bc54a27bb8d40c7,2021-01-23 00:00:00
578,[94.5],6ee6e5df46ee64716d7b261ba61e9a9a,2021-01-23 00:00:00
579,[99.5],40848e5930676d36a4e40b8ecb5b9e1a,2021-01-23 00:00:00
580,[93.5],ea3be7b4435038afd290769bd75ec2cf,2021-01-24 00:00:00
581,[99.0],9de7f431aaa700cd0f092bd8bda4d7da,2021-01-25 00:00:00
582,[99.5],d4606220a1e44daff55ebb86e01514ca,2021-01-26 00:00:00
583,[97.5],2153260329dfb2aaef7f3429ffe059fb,2021-01-28 00:00:00
584,[99.0],5b8541706294bac136bc7db211b2ff64,2021-01-30 00:00:00
585,[98.5],5212204ed1d65406102554496bab3303,2021-01-31 00:00:00
586,[99.5],09a64ea076f0e441b32ad947f81fdf13,2021-01-22 00:00:00
587,[94.5],163a1d980fb826a73d65ad65dbfc7d01,2021-01-22 00:00:00
588,[93.5],5b0658279905546cc78419614a182de0,2021-01-24 00:00:00
589,[95.0],029e959ddff594e572c2b29bf20ff333,2021-01-24 00:00:00
590,[94.5],3fd346b8dbf4be9e37b5871ab027d01a,2021-01-24 00:00:00
591,[95.5],c33f0700555f1159a0334cc8b51acdf3,2021-01-24 00:00:00
592,[94.0],7ee909f401d442567b90f2bc69e99921,2021-01-29 00:00:00
593,[100.0],c70c742594ead20f81d1c0382dc537b3,2021-01-29 00:00:00
594,[99.5],ba2457c0066b6c22b29a62abdf4b18a4,2021-01-22 00:00:00
595,[94.5],3bb4c32ad360bde9b36dbf46a99f5a18,2021-01-27 00:00:00
596,[98.0],26535ff338f57538fd932bdb6648077e,2021-01-29 00:00:00
597,[96.5],8af50fdc911942121cbf30e289615dc8,2021-01-29 00:00:00
598,[94.5],bd49ea3f3ff4d4709995ba14855d4cb3,2021-01-23 00:00:00
599,"[86.0, 95.5]",4bcaf3ee0ad243aa096732aef2bf0388,2021-01-24 00:00:00
600,[98.0],64deb06485f9df34cf3efa53fd604569,2021-01-24 00:00:00
601,[96.5],1d4f831282abd5c7a4e1be5fa9ea8438,2021-01-27 00:00:00
602,[97.5],a3eb207363a8824148eb0bb2eded7b94,2021-01-27 00:00:00
603,[95.5],d812ad51da2746c61a04da77fec1e3f9,2021-01-28 00:00:00
604,[97.5],dc82aacfee65bb06fdcb2a7182d802fc,2021-01-30 00:00:00
605,[95.5],cfb5f8f1615f25eee69a93611165b269,2021-01-31 00:00:00
606,[99.0],6b9bd27243256ac673ecfd271cedda76,2021-01-25 00:00:00
607,[98.5],396f657578584c6a3e3105e2194d8511,2021-01-23 00:00:00
608,[98.0],e6ea343bb7186bcd05192a744867d604,2021-01-30 00:00:00
609,[95.5],1a5b6d5568c2f8746ac55edd84a9e241,2021-01-23 00:00:00
610,[94.0],8437878ae248f5f89f98174c5c14be16,2021-01-22 00:00:00
611,[95.0],c6a5cb49112f59b4902d37ff40ba2f0e,2021-01-22 00:00:00
612,[97.5],6e9977beb245572be869f163ea35ab06,2021-01-23 00:00:00
613,[92.5],768f3cfc13329f0bc5defff17f3b9867,2021-01-27 00:00:00
614,[93.0],7313fd0f9fd6e3f9aee611c0bd144962,2021-01-28 00:00:00
615,[84.5],f9b5a745f8e99eac16438853c6ee3d08,2021-01-29 00:00:00
616,[97.0],22389373a9c89d9930c6d671d0027c47,2021-01-30 00:00:00
617,[95.5],c499aaeb7aca8faf7d3b63c1002b68c7,2021-01-30 00:00:00
618,[93.5],9dbd66d632c6e03acec37bda7a725fd1,2021-01-31 00:00:00
619,[93.0],879fcca66a60dd0616e307aa3171066f,2021-01-25 00:00:00
620,[90.5],2d93e479da9da388ae5c1f0e46874286,2021-01-26 00:00:00
621,[98.5],ffc56e63c5bdab7cf5e570d3485b8ac3,2021-01-28 00:00:00
622,[53.0],52b6f85abc1d269a86e79ba76b0ca78f,2021-01-29 00:00:00
623,[96.5],4693eb813b841e0508dcb6cc492ce299,2021-02-01 00:00:00
624,[94.0],fc5340ebafbd033dfd714f18c01fc300,2021-01-22 00:00:00
625,[99.0],28950266eb9536b6310bd4dac5bcc9c8,2021-01-23 00:00:00
626,[97.0],67f29945113e36834a7a6c78c5ac4352,2021-01-24 00:00:00
627,[90.5],580bb8d4227b2bc6e216581e1fd74a23,2021-01-25 00:00:00
628,[93.0],ee5cb069cdea9c301582cbb537c6f3d7,2021-01-26 00:00:00
629,[98.5],957a9e8db04d51c4fa25371a0f31d341,2021-01-27 00:00:00
630,[97.0],e484c02c6c3b71ebf2c994d9370cd169,2021-01-29 00:00:00
631,[95.0],f3cfb7d11781fdc1a3edfa3febd05119,2021-01-22 00:00:00
632,[94.5],ff1cf5e0579a46c29bbf5ed3a3587bbe,2021-01-22 00:00:00
633,[98.5],f74854a75503eab8e0770f0fafafc288,2021-01-24 00:00:00
634,[100.0],d7ff0fccad7fe283ccefacafba9a4592,2021-01-24 00:00:00
635,[98.5],5dbd1e533229e3e70b9044faa24c8efc,2021-01-25 00:00:00
636,[99.0],a0acbaa344e88a6ca95c34998066c515,2021-01-30 00:00:00
637,[97.0],76cad7a86cd17372055051d69eec7477,2021-01-22 00:00:00
638,[99.0],f35b0d5c6221ef43cbbf14f43dd44d57,2021-01-22 00:00:00
639,[98.5],12a7d4d0ffdaa5259e089eb6982cc588,2021-01-22 00:00:00
640,[96.5],c81ee45d92b8c129bf095343d398662f,2021-01-22 00:00:00
641,[54.5],df765bab6a8ca9788cd438a71c539163,2021-01-23 00:00:00
642,[84.5],c28c5f1a83990436f668495966eb21aa,2021-01-28 00:00:00
643,[57.5],59f38e4a3394473118fb3e23a99171e0,2021-01-28 00:00:00
644,[52.0],3798fc82b60c8185cb002e95f29cc7c3,2021-01-29 00:00:00
645,[97.0],46bc2deb27d05f16d36f85d0e319911e,2021-01-29 00:00:00
646,[92.5],36550c073fba95d07efa7df3b26dbc82,2021-01-30 00:00:00
647,[92.5],74800435af9c5a8ed63cee31c539200d,2021-02-01 00:00:00
648,[88.0],02221e5196714a9b1f730a125810ac2f,2021-01-22 00:00:00
649,[88.0],cfe15f22f1823f5217e95b9d2ad78c31,2021-01-25 00:00:00
650,[93.0],4f98f48205f1f257e959c3decdb8196b,2021-01-25 00:00:00
651,[97.5],17f05d98b60e48f6a7c23d287b2a62af,2021-01-27 00:00:00
652,[91.5],d290e2fbf116ae4b1942e037a0061a48,2021-01-27 00:00:00
653,[93.5],aab07f1895711eea1c99400d139185e4,2021-01-29 00:00:00
654,[99.0],fe0ea94c759ef435e0b887aa06880a5a,2021-02-01 00:00:00
655,[97.0],bf068dda989828387c0520226a692e5f,2021-01-23 00:00:00
656,[95.0],eb4edf53477e59e357bb73a321226b57,2021-01-23 00:00:00
657,[52.0],d406c2a13f16bc502558139f92c3833b,2021-01-24 00:00:00
658,[53.5],9c6f6ff9bcddfcc5a25ed1e1c2f2e480,2021-01-26 00:00:00
659,[93.0],bcf6670deb861cbdc1c57126f5a436a0,2021-01-26 00:00:00
660,[91.0],caa2f7d639627cceba13009b6eb2151d,2021-01-29 00:00:00
661,[95.0],a6614482222dd50c3eeb5ba4c1738e2d,2021-01-30 00:00:00
662,[93.0],22729c7e801cb91a6e5e03d5a004a200,2021-01-31 00:00:00
663,[88.0],2b84478b281ed0642f69733c39f91eba,2021-01-22 00:00:00
664,[89.5],2645afedc4cdd1c785862d8c0806a08e,2021-01-25 00:00:00
665,[97.0],45b2508b0d97d2abe69a98d6659f863f,2021-01-25 00:00:00
666,[93.0],142e26fd2ccf709d3cc145911c6d18b9,2021-01-26 00:00:00
667,[97.0],3bff8bd4c85c48956dd31b4027b1aba6,2021-01-27 00:00:00
668,[88.0],f19515fec05bc4fe2ccb1dbb7a734612,2021-01-27 00:00:00
669,[94.0],4454de026bd87793a0f510607e211477,2021-01-28 00:00:00
670,[93.5],1293dd34194b94124ecd71d3eab33a96,2021-01-28 00:00:00
671,[95.5],1684b0e9be90d8f8d344e7f669837e8d,2021-01-28 00:00:00
672,[89.0],d7660b771a491ad26b13f1cfbcc0a61f,2021-01-29 00:00:00
673,[98.5],98a65fdfd37dbc0eaeb2fd8c4aa71481,2021-01-30 00:00:00
674,[98.0],b731906a4474119ab3e072d0a7ca09e2,2021-01-31 00:00:00
675,[90.5],0ab1c674be9b66bfba4cdd95ef4d8bf9,2021-01-31 00:00:00
676,[70.0],d3ce8d1f9f5e0916efee6bc3a1c7a88d,2021-01-31 00:00:00
677,[96.0],a68905a5f30ad240802840c15134ca2a,2021-01-25 00:00:00
678,[53.0],eaafcfe6b672878189c0a5975817dc00,2021-01-27 00:00:00
679,[99.5],ba1a41d6dc08ac32bbe1698a9bdbe9a9,2021-01-24 00:00:00
680,[100.0],800a61f93aa90eb4b1286ddda3631204,2021-01-28 00:00:00
681,[95.5],878628e523641c01aad5a25b1ffd0436,2021-01-29 00:00:00
682,"[91.5, 96.5, 93.0, 97.0]",1e41e927b59c54fe86201ccfae707149,2021-01-22 00:00:00
683,"[98.5, 97.0]",4534251a546b15267db764564341608b,2021-01-23 00:00:00
684,[92.5],b49053f6dbfbe05e76d38fb0d102ff3d,2021-01-24 00:00:00
685,[97.5],d89e9e2802371c2afd439f9edb89a302,2021-01-24 00:00:00
686,[78.5],bbaddbdfb24c1f9309c91ffc0045432e,2021-01-25 00:00:00
687,[95.5],2e94ed9576eb75b01a6c19232c8e7af6,2021-01-26 00:00:00
688,[96.5],c60c82bd489a072428b177349d98ee54,2021-01-27 00:00:00
689,[97.5],6354ef9186ef028b633d598354b190d7,2021-01-28 00:00:00
690,"[98.5, 97.0]",a2755fa65facb90fce266ed669b0d29b,2021-01-29 00:00:00
691,[98.5],028ca7148c5d00eaf550ec3d6c4ff9be,2021-01-30 00:00:00
692,[99.0],9053e3a532e494d4d781a26e173ee581,2021-01-30 00:00:00
693,[61.5],a23026e0e4559e1b50cb642c00593986,2021-01-31 00:00:00
694,[88.5],33f9ea8057f1b4afbd3ae597a95b2d08,2021-01-23 00:00:00
695,[98.0],13f02b51591b9df5a75ff61d78b740cd,2021-01-23 00:00:00
696,[93.5],2a3b054fc2fa257109ab58d16004c1d2,2021-01-26 00:00:00
697,[95.5],d9ad2ee396a8a668cde19b431e9a7c8a,2021-01-31 00:00:00
698,[99.0],199f5a5c45bce54be884ddd774527aa7,2021-01-22 00:00:00
699,[95.5],5c4d5a5ae1bf83728e8561249c7f7945,2021-01-25 00:00:00
700,[99.0],c38967a9175b47d96797a3b47b831d26,2021-01-28 00:00:00
701,"[92.5, 91.5]",6a97454b7614ef573c4f6fdc06899ae8,2021-01-30 00:00:00
702,[98.0],45553a5de4dab2c3e52993d89c4456c9,2021-01-22 00:00:00
703,"[100.0, 99.5]",329a906e82f841dae4237d1cc03b7ff8,2021-01-25 00:00:00
704,[99.0],66a1b7036181dbbfdaf9e0379aa7cfa5,2021-01-25 00:00:00
705,[96.0],985f8a73c42685a42535b46dae1d8779,2021-01-26 00:00:00
706,[99.5],183914b42fe87c472cdc7353c84dc6b5,2021-01-27 00:00:00
707,[96.5],13b3ee64a36b1902e5dfa22df79a3b43,2021-01-27 00:00:00
708,"[98.5, 97.0]",b11430bc11481887c767352ca14e265c,2021-01-28 00:00:00
709,[94.5],378e23a23f1886d231cf461e05b2c123,2021-01-28 00:00:00
710,"[94.0, 53.0]",69fc5546eea5aac9cffc63ee33cc656f,2021-01-29 00:00:00
711,[94.5],5154006d05dcf7d8003dbad9e75c8409,2021-01-31 00:00:00
712,[98.0],d92fecaf36b939703f0e25c0730d83ef,2021-02-01 00:00:00
713,[51.5],e7c1d014c55b9789bfeea49f13e5508e,2021-01-22 00:00:00
714,[55.5],60c9ba666f0841f561feff988431cfa9,2021-01-23 00:00:00
715,[97.5],5bafd7025f41651e1b4462f94d7461ab,2021-01-25 00:00:00
716,[99.0],126910d797ceac84795c5f6b966eb7ae,2021-01-25 00:00:00
717,[95.5],dffac34b9a87769e522259a74b2bc193,2021-01-26 00:00:00
718,[92.0],cfc92805f605cf04621dbcc9c9913c65,2021-01-26 00:00:00
719,[96.5],5f60e8c70483b5cac121bcda8f2e6b64,2021-01-27 00:00:00
720,[91.0],1d2d5cf4e11afbdfba096b79a4f7e8b4,2021-01-28 00:00:00
721,[99.0],fd34f7eaf0947174dfe5a1a986afcbb2,2021-01-28 00:00:00
722,[97.5],e3f1ca46a713bfd28e7b81dd2601cccc,2021-01-29 00:00:00
723,[95.5],59255f7bba639e02dea50fb14441314f,2021-01-30 00:00:00
724,[94.0],8a6a2c1c9ea9276286f63af7e47de4bd,2021-01-30 00:00:00
725,[98.0],dcd96de4a47107ffcc4666945a3a1eff,2021-01-31 00:00:00
726,"[95.5, 97.5]",170f19295f8580cc45994f0afb685c42,2021-01-29 00:00:00
727,[98.0],a3dc74633a156164dac807ef97c660cc,2021-01-29 00:00:00
728,[98.0],2c42e465a58e7446dca7222a8c1b1fa4,2021-01-31 00:00:00
729,[91.5],bc06d005787eb5ce0a8ec99c1025e160,2021-02-01 00:00:00
730,[97.5],f912869d3627bf968e4324da3484949b,2021-01-24 00:00:00
731,[97.5],ce5130cc45e1e4e83ed5a27cbd7b85ae,2021-01-26 00:00:00
732,[99.5],8223e03805fb1b84704873a705a42b62,2021-01-26 00:00:00
733,[98.5],cc6266c86b612a59e2007dc87df09b8f,2021-01-27 00:00:00
734,[95.0],4b8af30526d8606aeff397494ca143b2,2021-01-28 00:00:00
735,[59.0],953d5c0b110f0862e18aa0a099cbaf1a,2021-01-28 00:00:00
736,[97.0],0ff253eea693b2e9cced5d3d028a90bf,2021-01-22 00:00:00
737,[92.5],7b77f9441cbde3bcb27b1d80d73bdef8,2021-01-23 00:00:00
738,[99.5],d00e28314ec53540d073265cda87de7d,2021-01-23 00:00:00
739,[98.5],0c64faf02a46e2ba545ddce0967ef143,2021-01-27 00:00:00
740,[97.0],a00c3349d3c8cdf5bf981d0057055228,2021-01-29 00:00:00
741,[91.5],88531fbf59177b71a2d36e32df7cd4fe,2021-01-22 00:00:00
742,[99.0],79228b6d01e8f06d5926942d6b18c9e7,2021-01-22 00:00:00
743,[96.0],02c587a2a04727cba8de25d55cbb01b4,2021-01-24 00:00:00
744,[97.0],eabc3cd3a8f685c47e8e2252fea9b228,2021-01-25 00:00:00
745,[95.5],db753d06ac042bc0288cbdf779539736,2021-01-26 00:00:00
746,[98.0],e0249a48b7aff3e65594ffcb4d6b50f7,2021-01-26 00:00:00
747,[53.5],9a9a8697cfe1ba0425b3f89e70f6ea9d,2021-01-26 00:00:00
748,[98.5],54bf86e5c8f79608fb9ecdd37469569d,2021-01-28 00:00:00
749,[99.0],86762cbaad161983198f6ff4f3873839,2021-01-28 00:00:00
750,[94.0],af2250566403d150df1392500cc45985,2021-01-31 00:00:00
751,[93.0],f209409cf0b0ea3b81d5e4d82d20509b,2021-01-23 00:00:00
752,[96.5],81cb07a422c4166d4bc7bef0fc3e5778,2021-01-23 00:00:00
753,[86.5],abea75ff938ebc6d364d6b4909f7d561,2021-01-26 00:00:00
754,[95.5],2ea4f4191870144e948afc6c9ac7f716,2021-01-30 00:00:00
755,[99.5],2b4e2910ec4c20e195f52b76ce9deb37,2021-01-25 00:00:00
756,[99.0],c530048cbc720b04ab5d784d59b16236,2021-01-27 00:00:00
757,[99.0],d60c84bce3a6953ffc150e5acc91a2f5,2021-01-27 00:00:00
758,[93.5],b6dec2b1a21e36fcb183dfb1e0dd17aa,2021-01-30 00:00:00
759,[95.0],27a37fb70d98e04d52d5c0c11801c072,2021-01-24 00:00:00
760,[94.0],d6dbd0999c41f2a061482631baf88aff,2021-01-25 00:00:00
761,[89.0],2588dcc571dc5b65797eb78a9c891987,2021-01-26 00:00:00
762,[99.0],11d5e8368977e6c90216d7cf2e100622,2021-01-26 00:00:00
763,[61.5],77822000446d0ec55212440a5e5beeee,2021-01-27 00:00:00
764,[96.5],13d8cdc1a8525e098891b0445a038cc5,2021-01-28 00:00:00
765,[98.0],87616d4c6f07ec1d4f8f227f5d452ea8,2021-01-29 00:00:00
766,[97.5],4d1e8f3d6fbe1daa98788cd98aba259c,2021-01-22 00:00:00
767,[99.0],b70a7adf4d9d6f97c95f29804a87bd9f,2021-01-24 00:00:00
768,[95.0],4aab410056ca102881bacf3ec7b639a0,2021-01-24 00:00:00
769,[88.5],7040c7e44fc97679fd335387058f0c84,2021-01-28 00:00:00
770,[98.5],1b930816adb0adabfcf69d9cb07b3d70,2021-01-22 00:00:00
771,[60.5],2efec7bf07a280b973d72dcbc77ecebd,2021-01-24 00:00:00
772,[96.5],28e19f7751a482a60c1321bcbb11676a,2021-01-25 00:00:00
773,[96.0],e0c33ad3484824bd6e03d3ac95efdf07,2021-01-25 00:00:00
774,[89.5],658271f596ae16a9a57330279a7b004d,2021-01-27 00:00:00
775,[91.5],c053862b6e06249c36454023f8de2281,2021-01-28 00:00:00
776,[98.5],d916f92b201939f3ae7a12eed47c095d,2021-01-29 00:00:00
777,[97.0],a145ff24e9f2896c07a6ae377bce73fd,2021-01-30 00:00:00
778,[98.0],18c4f58b7681027a21d6f5b4b581f0e4,2021-01-24 00:00:00
779,[99.5],796c634563a7175022eaf0a76dde1fc6,2021-01-23 00:00:00
780,"[95.5, 99.5]",96baa24fb6e65d0fd6763038a539359e,2021-01-27 00:00:00
781,[54.0],69956f1639a03cab0ee0f56ba501881c,2021-01-28 00:00:00
782,[92.5],79610c4013e5b2e5fa05d4108d5b9089,2021-01-28 00:00:00
783,[94.5],b229c1a2ffa9a062b1b9fbe653eaca1b,2021-01-29 00:00:00
784,[95.0],322e412bce6e42ff7e84cc04740a5784,2021-01-30 00:00:00
785,[95.5],7f9b75f0240aa4df4c8e117ecb34a0fe,2021-02-01 00:00:00
786,[97.0],c5406fa0b08c24bc418548e6194f9255,2021-01-23 00:00:00
787,[99.0],973d44116de242f3bbf3b296c9613f3f,2021-01-23 00:00:00
788,[95.5],8a049337ee1ff93802afbdad7a4992d0,2021-01-24 00:00:00
789,[96.0],0aee3f8395e030e0c979f1f82cf64ec2,2021-01-25 00:00:00
790,[97.5],30b76838fe954b2a424a9b9bb3432434,2021-01-26 00:00:00
791,[96.5],4065b7972d78be67a15440c877857187,2021-01-26 00:00:00
792,[95.5],e7d498f333356ab26b40beb78099e759,2021-01-27 00:00:00
793,[96.0],606a5bb8054b5379caa797dcdf1b065e,2021-01-27 00:00:00
794,[96.5],5f37dd7191b1997b21f58215e0f1c1a8,2021-01-31 00:00:00
795,[74.5],6cf177b88016d8dc74a3ff9d54b01fef,2021-01-30 00:00:00
796,[90.0],77fb3568e6309a7c82cae0c122b77d90,2021-01-30 00:00:00
797,[95.5],fe31bb1e586d6ecc0a3b02ef13802362,2021-01-24 00:00:00
798,[93.5],77482b10ee433257f1a7f5ad2fc1f4af,2021-01-24 00:00:00
799,[98.5],3579d3c38c63abc21ccc3ab424884a1e,2021-01-26 00:00:00
800,[97.5],74b77af9e2445d50e143d6db184755c4,2021-01-27 00:00:00
801,[96.5],4c8221af6900f7c19d78200aee9205be,2021-01-27 00:00:00
802,[99.5],a019a1419983a522cf4c50f2c443a273,2021-01-28 00:00:00
803,[96.5],5c86c486e3a5d9e57193e1174aaaec87,2021-01-29 00:00:00
804,[98.0],b840c7d35167085873b21e0036d4eb2d,2021-01-29 00:00:00
805,[97.0],7bbed7ec148898928eb5997a0bc51dd4,2021-01-24 00:00:00
806,[89.0],74add062f301b863885965c23649eef7,2021-01-28 00:00:00
807,[97.0],bc0e0e850251843a58bcd72b9dc219a6,2021-01-29 00:00:00
808,[92.5],041bff2b39229a8a1cfb72f962bef45e,2021-01-30 00:00:00
809,[95.0],0cefdb95e9b5058cf76b726ac4602fe8,2021-01-22 00:00:00
810,[96.0],31a01ae1879a5444e311ea309411c8a5,2021-01-24 00:00:00
811,[96.0],f2444fedbcc975b9a1ce578a467140f6,2021-01-29 00:00:00
812,[94.5],54a0df3cad2096d0e9a15c798044941b,2021-01-30 00:00:00
813,[94.5],4b276db1294d03267c48907823e348b9,2021-01-30 00:00:00
814,[82.0],cb358e682237a360600b59a21dfa69ad,2021-01-22 00:00:00
815,[99.0],8e9f3bbb0169928b3c249dd69908d79a,2021-01-23 00:00:00
816,[95.5],e001b051d6f2208b4a08444177610b51,2021-01-26 00:00:00
817,[94.5],a8484432913c772796dcf89c39719d37,2021-01-23 00:00:00
818,[92.5],567181cd518370a16474027130c81703,2021-01-23 00:00:00
819,[96.5],90916f1ba0aad7dcd8b6aeab61e32318,2021-01-24 00:00:00
820,[87.5],0b3ab5b7844e5c37555ebef94e84759c,2021-01-24 00:00:00
821,[99.0],22edceb044a709a6723d94f63ff67a2e,2021-01-24 00:00:00
822,[99.0],0ef8a0d51715b538368177116bba1fa6,2021-01-25 00:00:00
823,[96.5],683381c6a2444ae83f7e1df1e288e26f,2021-01-26 00:00:00
824,[89.0],91c2f55ace492192e4b75f7cd6f3bbb8,2021-01-26 00:00:00
825,[95.0],95f625b401238299f9e4152ef840677a,2021-01-26 00:00:00
826,[93.5],647bfb7920bc5d88b939a05eabc34c7c,2021-01-27 00:00:00
827,[98.0],cfa6d707f4cd69b9ca281e4739820051,2021-01-28 00:00:00
828,[97.0],3143478de5758bc355ebec9b444f6991,2021-01-25 00:00:00
829,[56.0],f803299bde1f5bdfd2b2f4e06a031ef0,2021-01-25 00:00:00
830,[98.5],9e76125784c2fdf05edb68ccc9719d8d,2021-01-26 00:00:00
831,[96.5],3cb1f68385360cf4830697c9e6b87ba0,2021-01-26 00:00:00
832,[85.5],82c9d70503136e3a9b0c456d4e4c4f33,2021-01-27 00:00:00
833,[95.5],3a16f54d1d9d1a2e5045f568655fea87,2021-01-27 00:00:00
834,[93.5],12775a8f236c6330375eb87976d24319,2021-01-22 00:00:00
835,[91.0],f42af0c26c77f8a43e9b22830edd2f90,2021-01-23 00:00:00
836,[92.0],005b4987c9ee05bed47d9e9369764f40,2021-01-25 00:00:00
837,[90.5],60dd75b4d6a21735901094657909fcaf,2021-01-26 00:00:00
838,[92.0],9369906e5477302ba4c3e889350d820f,2021-01-26 00:00:00
839,"[99.0, 98.0]",0d00074cac25863dd365de6f4149e140,2021-01-27 00:00:00
840,[97.0],aa34b6720f90765579befb84f6932bb5,2021-01-29 00:00:00
841,[98.0],37058304357a83f4a87da28648c98dfc,2021-01-29 00:00:00
842,[99.5],9fc40169301102070dc554cf5ea8adf1,2021-02-01 00:00:00
843,[94.0],9dd1a2db0f81928da9d5b2c9a1e94fd2,2021-01-23 00:00:00
844,[76.5],3e77add052c671e851751ce9f2e7ce14,2021-01-26 00:00:00
845,[91.0],bf0410dc75af7b9862e5a3b511424794,2021-01-31 00:00:00
846,[80.5],c5ba7e5b3c5f734eca2a31f329f37cb2,2021-01-23 00:00:00
847,[99.0],9bf07b9a6379f65f55ca28c4c2e119b3,2021-01-24 00:00:00
848,[98.0],454b1ffcceee2fab983dee7e0bf9489d,2021-01-24 00:00:00
849,[94.0],e4a255380384d33c35aea979ff952678,2021-01-26 00:00:00
850,[94.0],7a848c8f0acb2de37976418df95548c5,2021-01-27 00:00:00
851,[92.0],149215ba1a49d9e325d0067ab906fcf7,2021-01-27 00:00:00
852,[96.0],aa04290fe1f55833e5bd2fbcb55163ab,2021-01-31 00:00:00
853,[96.0],63ba9a4eb0b55ed0dda347d2dee834f3,2021-01-28 00:00:00
854,[91.0],c1c231afbb617f5b68afe3b891bfd91e,2021-01-22 00:00:00
855,[98.5],33ea125fe22a0b58a73ed2ec840183f6,2021-01-23 00:00:00
856,[96.0],2ab6232cc4a76acc764e1cdf1ffde155,2021-01-23 00:00:00
857,[82.5],660a9b308f05b7003ef739b8a1871163,2021-01-23 00:00:00
858,[95.5],f31467a0ab1123d91fe6242d38b3ba40,2021-01-23 00:00:00
859,[94.0],fd3b9ac73a8841770ff404e72cc2cdeb,2021-01-30 00:00:00
860,[95.0],06a1ea31b9d5e0d96f949c663694b6c0,2021-02-01 00:00:00
861,[76.5],83afc31bcf883daad98a18c57f8a33f7,2021-01-23 00:00:00
862,[90.5],19a4eed808870c117b39fa42e5bbf187,2021-01-26 00:00:00
863,[96.0],8f5c5d3323bd8d9b21eae9d12224700b,2021-01-29 00:00:00
864,[98.0],7352fb889cfbc7ed89e479db2aed65e6,2021-01-29 00:00:00
865,[99.0],963e017139c9ab8d39b48b9d00225bbe,2021-01-30 00:00:00
866,[97.5],2c87bbc06f3eabf4ee26d897bcc491ac,2021-01-25 00:00:00
867,[59.5],b9ca0e2657c442fe378cc09fd89ec723,2021-01-26 00:00:00
868,[94.0],b5fc6f2313cb58f9c8bd2d3ab4b866dc,2021-01-27 00:00:00
869,[91.5],7a88f4e7406a90190ff695253550ac38,2021-01-29 00:00:00
870,[96.0],b4c15fa6bf2cf58df5094ed02b80d45a,2021-02-01 00:00:00
871,[96.5],d0bdb9dbe3eb53d1974a207307145809,2021-01-23 00:00:00
872,[99.0],947ee84aacc4db8e4d876eb72ab77576,2021-01-23 00:00:00
873,[99.5],b8327cad0adc454130bcf616d98231cb,2021-01-26 00:00:00
874,[95.5],f2102e7ebb0dbebab35e0aa3e465279d,2021-01-26 00:00:00
875,[97.0],85e71b66570d1efb011ba282353fbca3,2021-01-27 00:00:00
876,[96.0],61be5540c585f9552a8100158f803306,2021-01-29 00:00:00
877,[89.0],a448e106629617fe1183e033ee184725,2021-01-29 00:00:00
878,[99.0],89bc7f9b49ee4fbb758a48607b0f90b3,2021-01-30 00:00:00
879,[98.0],37dce74b2e8d94874472792a389ea974,2021-01-30 00:00:00
880,[95.5],3724f0f9665bcb1a24494e7bce78559b,2021-01-30 00:00:00
881,[100.0],9ba3fbd7377fc157399e781d415d4ba4,2021-01-31 00:00:00
882,[99.0],4d3e1d5bc5401d4d580acc6483291e9b,2021-01-30 00:00:00
883,[97.5],592b416796ae08e87a1c8ec6cea9cea0,2021-01-31 00:00:00
884,[93.0],a09fd185a023e87870630f0203701a62,2021-01-28 00:00:00
885,[98.5],3610445475a689b47ae3c57d1d79ba56,2021-01-29 00:00:00
886,[97.0],7d13d87693ce05c2b914ed639cd4dd15,2021-01-24 00:00:00
887,[93.0],2f834441377ae067438c136c9d1f1781,"[204   2021-01-27
Name: date, dtype: datetime64[ns]]"
